timestamp,fuente,persona_real,prediccion,score,acierto
2026-09-05T08:39:50,dataset,Henrry,Henrry,1.0000,True
2026-09-05T08:39:51,dataset,Henrry,Henrry,1.0000,True
2026-09-05T08:39:51,dataset,Henrry,Henrry,1.0000,True
2026-09-05T08:39:52,dataset,Henrry,Henrry,1.0000,True
2026-09-05T08:39:52,dataset,Luis,Luis,1.0000,True
2026-09-05T08:39:53,dataset,Luis,Luis,1.0000,True
2026-09-05T08:39:53,dataset,Luis,Luis,1.0000,True
2026-09-05T08:39:54,dataset,Luis,Luis,1.0000,True
2026-09-05T08:39:54,dataset,Luis,Luis,1.0000,True
2026-09-05T08:39:55,dataset,Luis,Luis,1.0000,True
2026-09-05T08:40:32,vivo,Luis,Luis,1.0000,True
2026-09-05T08:40:39,vivo,Luis,Luis,1.0000,True
2026-09-05T08:40:46,vivo,Luis,Luis,1.0000,True
2026-09-05T08:40:53,vivo,Luis,Luis,1.0000,True
2026-09-12T07:54:48,dataset,AbeVigoda,AbeVigoda,1.0000,True
2026-09-12T07:54:48,dataset,AbeVigoda,AbeVigoda,1.0000,True
2026-09-12T07:54:48,dataset,AbeVigoda,AbeVigoda,0.9999,True
2026-09-12T07:54:48,dataset,AbeVigoda,AbeVigoda,1.0000,True
2026-09-12T07:54:48,dataset,AbeVigoda,AbeVigoda,1.0000,True
2026-09-12T07:54:48,dataset,AbeVigoda,AbeVigoda,1.0000,True
2026-09-12T07:54:48,dataset,AbeVigoda,AbeVigoda,1.0000,True
2026-09-12T07:54:48,dataset,AbeVigoda,AbeVigoda,1.0000,True
2026-09-12T07:54:48,dataset,AbeVigoda,AbeVigoda,1.0000,True
2026-09-12T07:54:48,dataset,AbeVigoda,AbeVigoda,1.0000,True
2026-09-12T07:54:48,dataset,AbeVigoda,AbeVigoda,1.0000,True
2026-09-12T07:54:48,dataset,AdolfHitlerr,AdolfHitlerr,1.0000,True
2026-09-12T07:54:48,dataset,AdolfHitlerr,AdolfHitlerr,1.0000,True
2026-09-12T07:54:48,dataset,AdolfHitlerr,AdolfHitlerr,1.0000,True
2026-09-12T07:54:48,dataset,AdolfHitlerr,AdolfHitlerr,1.0000,True
2026-09-12T07:54:48,dataset,akistsoxatzopoulos,akistsoxatzopoulos,0.9999,True
2026-09-12T07:54:48,dataset,akistsoxatzopoulos,akistsoxatzopoulos,1.0000,True
2026-09-12T07:54:48,dataset,akistsoxatzopoulos,akistsoxatzopoulos,1.0000,True
2026-09-12T07:54:48,dataset,akistsoxatzopoulos,akistsoxatzopoulos,1.0000,True
2026-09-12T07:54:48,dataset,akistsoxatzopoulos,akistsoxatzopoulos,1.0000,True
2026-09-12T07:54:48,dataset,akistsoxatzopoulos,akistsoxatzopoulos,1.0000,True
2026-09-12T07:54:48,dataset,akistsoxatzopoulos,akistsoxatzopoulos,1.0000,True
2026-09-12T07:54:48,dataset,AlainDelon,AlainDelon,1.0000,True
2026-09-12T07:54:48,dataset,AlainDelon,AlainDelon,1.0000,True
2026-09-12T07:54:48,dataset,AlainDelon,AlainDelon,0.9995,True
2026-09-12T07:54:48,dataset,AlainDelon,AlainDelon,1.0000,True
2026-09-12T07:54:48,dataset,AlainDelon,AlainDelon,1.0000,True
2026-09-12T07:54:48,dataset,AlainDelon,AlainDelon,1.0000,True
2026-09-12T07:54:48,dataset,AlainDelon,AlainDelon,1.0000,True
2026-09-12T07:54:48,dataset,AlainDelon,AlainDelon,0.9998,True
2026-09-12T07:54:48,dataset,AlanRickman,AlanRickman,1.0000,True
2026-09-12T07:54:48,dataset,AlanRickman,AlanRickman,1.0000,True
2026-09-12T07:54:48,dataset,AlanRickman,AlanRickman,1.0000,True
2026-09-12T07:54:48,dataset,AlanRickman,AlanRickman,1.0000,True
2026-09-12T07:54:48,dataset,AlanRickman,AlanRickman,1.0000,True
2026-09-12T07:54:48,dataset,AlanRickman,AlanRickman,1.0000,True
2026-09-12T07:54:48,dataset,AlanRickman,AlanRickman,1.0000,True
2026-09-12T07:54:48,dataset,AlanRickman,AlanRickman,1.0000,True
2026-09-12T07:54:48,dataset,AlanRickman,AlanRickman,0.9999,True
2026-09-12T07:54:48,dataset,AlanYoung,AlanYoung,1.0000,True
2026-09-12T07:54:48,dataset,AlanYoung,AlanYoung,1.0000,True
2026-09-12T07:54:48,dataset,AlanYoung,AlanYoung,1.0000,True
2026-09-12T07:54:48,dataset,AlanYoung,AlanYoung,1.0000,True
2026-09-12T07:54:48,dataset,AlanYoung,AlanYoung,1.0000,True
2026-09-12T07:54:48,dataset,AlanYoung,AlanYoung,1.0000,True
2026-09-12T07:54:48,dataset,AlanYoung,AlanYoung,1.0000,True
2026-09-12T07:54:48,dataset,AlanYoung,AlanYoung,1.0000,True
2026-09-12T07:54:48,dataset,AlanYoung,AlanYoung,1.0000,True
2026-09-12T07:54:48,dataset,AlanYoung,AlanYoung,1.0000,True
2026-09-12T07:54:48,dataset,AlbertCamus,AlbertCamus,1.0000,True
2026-09-12T07:54:48,dataset,AlbertCamus,AlbertCamus,1.0000,True
2026-09-12T07:54:48,dataset,AlbertCamus,AlbertCamus,1.0000,True
2026-09-12T07:54:48,dataset,AlbertCamus,AlbertCamus,1.0000,True
2026-09-12T07:54:48,dataset,AlbertCamus,AlbertCamus,1.0000,True
2026-09-12T07:54:48,dataset,AlbertCamus,AlbertCamus,1.0000,True
2026-09-12T07:54:48,dataset,AlbertCamus,AlbertCamus,1.0000,True
2026-09-12T07:54:48,dataset,AlbertoSordi,AlbertoSordi,1.0000,True
2026-09-12T07:54:48,dataset,AlbertoSordi,AlbertoSordi,1.0000,True
2026-09-12T07:54:48,dataset,AlbertoSordi,AlbertoSordi,1.0000,True
2026-09-12T07:54:48,dataset,AlbertoSordi,AlbertoSordi,1.0000,True
2026-09-12T07:54:48,dataset,AlbertoSordi,AlbertoSordi,1.0000,True
2026-09-12T07:54:48,dataset,AlbertoSordi,AlbertoSordi,1.0000,True
2026-09-12T07:54:48,dataset,AlbertoSordi,AlbertoSordi,1.0000,True
2026-09-12T07:54:48,dataset,AlbertoSordi,AlbertoSordi,0.9999,True
2026-09-12T07:54:48,dataset,AlbertoSordi,AlbertoSordi,1.0000,True
2026-09-12T07:54:48,dataset,AlbertoSordi,AlbertoSordi,1.0000,True
2026-09-12T07:54:48,dataset,AlbertoSordi,AlbertoSordi,1.0000,True
2026-09-12T07:54:48,dataset,AlbertoSordi,AlbertoSordi,1.0000,True
2026-09-12T07:54:48,dataset,AlbertoSordi,AlbertoSordi,0.9999,True
2026-09-12T07:54:48,dataset,AlbertSchweitzer,AlbertSchweitzer,0.9998,True
2026-09-12T07:54:48,dataset,AlbertSchweitzer,AlbertSchweitzer,1.0000,True
2026-09-12T07:54:48,dataset,AlbertSchweitzer,AlbertSchweitzer,0.9999,True
2026-09-12T07:54:48,dataset,AlbertSchweitzer,AlbertSchweitzer,1.0000,True
2026-09-12T07:54:48,dataset,AlbertSchweitzer,Desconocido,0.7881,False
2026-09-12T07:54:48,dataset,AlCorley,AlCorley,1.0000,True
2026-09-12T07:54:48,dataset,AlCorley,AlCorley,1.0000,True
2026-09-12T07:54:48,dataset,AlCorley,AlCorley,0.9999,True
2026-09-12T07:54:48,dataset,AlCorley,AlCorley,1.0000,True
2026-09-12T07:54:48,dataset,AlCorley,AlCorley,1.0000,True
2026-09-12T07:54:48,dataset,AlCorley,AlCorley,1.0000,True
2026-09-12T07:54:48,dataset,AlCorley,AlCorley,1.0000,True
2026-09-12T07:54:48,dataset,AlCorley,AlCorley,1.0000,True
2026-09-12T07:54:48,dataset,AlecGuinness,AlecGuinness,1.0000,True
2026-09-12T07:54:48,dataset,AlecGuinness,AlecGuinness,1.0000,True
2026-09-12T07:54:48,dataset,AlecGuinness,AlecGuinness,1.0000,True
2026-09-12T07:54:48,dataset,AlecGuinness,AlecGuinness,1.0000,True
2026-09-12T07:54:48,dataset,AlecGuinness,AlecGuinness,0.9999,True
2026-09-12T07:54:48,dataset,AlecGuinness,AlecGuinness,1.0000,True
2026-09-12T07:54:48,dataset,AlecGuinness,AlecGuinness,0.9995,True
2026-09-12T07:54:48,dataset,AlecGuinness,AlecGuinness,1.0000,True
2026-09-12T07:54:48,dataset,AlecGuinness,AlecGuinness,0.9996,True
2026-09-12T07:54:48,dataset,AlecGuinness,AlecGuinness,1.0000,True
2026-09-12T07:54:48,dataset,AlecGuinness,Desconocido,0.9990,False
2026-09-12T07:54:48,dataset,AlejandroRey,AlejandroRey,1.0000,True
2026-09-12T07:54:48,dataset,AlejandroRey,AlejandroRey,0.9999,True
2026-09-12T07:54:48,dataset,AlejandroRey,AlejandroRey,0.9999,True
2026-09-12T07:54:48,dataset,AlejandroRey,AlejandroRey,0.9999,True
2026-09-12T07:54:48,dataset,AlejandroRey,AlejandroRey,0.9999,True
2026-09-12T07:54:48,dataset,AlejandroRey,AlejandroRey,0.9999,True
2026-09-12T07:54:48,dataset,AlexanderGrahamBell,Desconocido,0.9903,False
2026-09-12T07:54:48,dataset,AlexanderGrahamBell,AlexanderGrahamBell,1.0000,True
2026-09-12T07:54:48,dataset,AlexanderGrahamBell,AlexanderGrahamBell,0.9999,True
2026-09-12T07:54:48,dataset,AlexanderGrahamBell,AlexanderGrahamBell,1.0000,True
2026-09-12T07:54:48,dataset,AlexanderGrahamBell,AlexanderGrahamBell,0.9999,True
2026-09-12T07:54:48,dataset,AlexandrakisAlekos,AlexandrakisAlekos,0.9995,True
2026-09-12T07:54:48,dataset,AlexandrakisAlekos,AlexandrakisAlekos,0.9992,True
2026-09-12T07:54:48,dataset,AlexandrakisAlekos,AlexandrakisAlekos,0.9990,True
2026-09-12T07:54:48,dataset,AlexandrakisAlekos,AlexandrakisAlekos,1.0000,True
2026-09-12T07:54:48,dataset,AlexandrakisAlekos,AlexandrakisAlekos,0.9999,True
2026-09-12T07:54:48,dataset,AlikiBoug,AlikiBoug,1.0000,True
2026-09-12T07:54:48,dataset,AlikiBoug,AlikiBoug,1.0000,True
2026-09-12T07:54:48,dataset,AlikiBoug,AlikiBoug,1.0000,True
2026-09-12T07:54:48,dataset,AlikiBoug,AlikiBoug,0.9998,True
2026-09-12T07:54:48,dataset,AlikiBoug,AlikiBoug,1.0000,True
2026-09-12T07:54:48,dataset,AlikiBoug,AlikiBoug,0.9998,True
2026-09-12T07:54:48,dataset,AlikiBoug,AlikiBoug,0.9998,True
2026-09-12T07:54:48,dataset,AlikiBoug,AlikiBoug,1.0000,True
2026-09-12T07:54:48,dataset,AlikiBoug,AlikiBoug,0.9998,True
2026-09-12T07:54:48,dataset,AlikiBoug,Desconocido,0.9995,False
2026-09-12T07:54:48,dataset,AlikiBoug,AlikiBoug,1.0000,True
2026-09-12T07:54:48,dataset,AliMacGraw,AliMacGraw,0.9999,True
2026-09-12T07:54:48,dataset,AliMacGraw,AliMacGraw,0.9999,True
2026-09-12T07:54:48,dataset,AliMacGraw,AliMacGraw,1.0000,True
2026-09-12T07:54:48,dataset,AliMacGraw,AliMacGraw,1.0000,True
2026-09-12T07:54:48,dataset,AliMacGraw,AliMacGraw,1.0000,True
2026-09-12T07:54:48,dataset,AliMacGraw,AliMacGraw,1.0000,True
2026-09-12T07:54:48,dataset,AliMacGraw,AliMacGraw,1.0000,True
2026-09-12T07:54:48,dataset,AliMacGraw,AliMacGraw,1.0000,True
2026-09-12T07:54:48,dataset,AliMacGraw,AliMacGraw,1.0000,True
2026-09-12T07:54:48,dataset,AliMacGraw,AliMacGraw,1.0000,True
2026-09-12T07:54:48,dataset,AlKapone,AlKapone,1.0000,True
2026-09-12T07:54:48,dataset,AlKapone,AlKapone,1.0000,True
2026-09-12T07:54:48,dataset,AlKapone,AlKapone,1.0000,True
2026-09-12T07:54:48,dataset,AlKapone,AlKapone,1.0000,True
2026-09-12T07:54:48,dataset,AlKapone,AlKapone,1.0000,True
2026-09-12T07:54:48,dataset,AlKapone,AlKapone,1.0000,True
2026-09-12T07:54:48,dataset,AlPacino,AlPacino,1.0000,True
2026-09-12T07:54:48,dataset,AlPacino,AlPacino,1.0000,True
2026-09-12T07:54:48,dataset,AlPacino,AlPacino,1.0000,True
2026-09-12T07:54:48,dataset,AlPacino,AlPacino,1.0000,True
2026-09-12T07:54:48,dataset,AlPacino,AlPacino,1.0000,True
2026-09-12T07:54:48,dataset,AlPacino,AlPacino,1.0000,True
2026-09-12T07:54:48,dataset,AlPacino,AlPacino,0.9999,True
2026-09-12T07:54:48,dataset,AlPacino,AlPacino,0.9999,True
2026-09-12T07:54:48,dataset,AmandaBlake,AmandaBlake,1.0000,True
2026-09-12T07:54:48,dataset,AmandaBlake,AmandaBlake,1.0000,True
2026-09-12T07:54:48,dataset,AmandaBlake,AmandaBlake,1.0000,True
2026-09-12T07:54:48,dataset,AmandaBlake,AmandaBlake,1.0000,True
2026-09-12T07:54:48,dataset,AmandaBlake,AmandaBlake,0.9999,True
2026-09-12T07:54:48,dataset,AmandaBlake,AmandaBlake,1.0000,True
2026-09-12T07:54:48,dataset,AmandaBlake,AmandaBlake,0.9983,True
2026-09-12T07:54:48,dataset,AmandaBlake,AmandaBlake,1.0000,True
2026-09-12T07:54:48,dataset,AmandaBlake,AmandaBlake,1.0000,True
2026-09-12T07:54:48,dataset,AmandaBlake,AmandaBlake,0.9999,True
2026-09-12T07:54:48,dataset,AmandaRedman,AmandaRedman,1.0000,True
2026-09-12T07:54:48,dataset,AmandaRedman,AmandaRedman,1.0000,True
2026-09-12T07:54:48,dataset,AmandaRedman,AmandaRedman,1.0000,True
2026-09-12T07:54:48,dataset,AmandaRedman,AmandaRedman,1.0000,True
2026-09-12T07:54:48,dataset,AmandaRedman,AmandaRedman,1.0000,True
2026-09-12T07:54:48,dataset,AmandaRedman,AmandaRedman,1.0000,True
2026-09-12T07:54:48,dataset,AmandaRedman,AmandaRedman,1.0000,True
2026-09-12T07:54:48,dataset,AmandaRedman,AmandaRedman,1.0000,True
2026-09-12T07:54:48,dataset,AmandaRedman,AmandaRedman,1.0000,True
2026-09-28T12:51:27,dataset,AbeVigoda,AbeVigoda,1.0000,True
2026-09-28T12:51:27,dataset,AbeVigoda,AbeVigoda,1.0000,True
2026-09-28T12:51:27,dataset,AbeVigoda,AbeVigoda,0.9999,True
2026-09-28T12:51:27,dataset,AbeVigoda,AbeVigoda,1.0000,True
2026-09-28T12:51:27,dataset,AbeVigoda,AbeVigoda,1.0000,True
2026-09-28T12:51:27,dataset,AbeVigoda,AbeVigoda,1.0000,True
2026-09-28T12:51:27,dataset,AbeVigoda,AbeVigoda,1.0000,True
2026-09-28T12:51:27,dataset,AbeVigoda,AbeVigoda,1.0000,True
2026-09-28T12:51:27,dataset,AbeVigoda,AbeVigoda,1.0000,True
2026-09-28T12:51:27,dataset,AbeVigoda,AbeVigoda,1.0000,True
2026-09-28T12:51:27,dataset,AbeVigoda,AbeVigoda,1.0000,True
2026-09-28T12:51:27,dataset,AdolfHitlerr,AdolfHitlerr,1.0000,True
2026-09-28T12:51:27,dataset,AdolfHitlerr,AdolfHitlerr,1.0000,True
2026-09-28T12:51:27,dataset,AdolfHitlerr,AdolfHitlerr,1.0000,True
2026-09-28T12:51:27,dataset,AdolfHitlerr,AdolfHitlerr,1.0000,True
2026-09-28T12:51:27,dataset,akistsoxatzopoulos,akistsoxatzopoulos,0.9999,True
2026-09-28T12:51:27,dataset,akistsoxatzopoulos,akistsoxatzopoulos,1.0000,True
2026-09-28T12:51:27,dataset,akistsoxatzopoulos,akistsoxatzopoulos,1.0000,True
2026-09-28T12:51:27,dataset,akistsoxatzopoulos,akistsoxatzopoulos,1.0000,True
2026-09-28T12:51:27,dataset,akistsoxatzopoulos,akistsoxatzopoulos,1.0000,True
2026-09-28T12:51:27,dataset,akistsoxatzopoulos,akistsoxatzopoulos,1.0000,True
2026-09-28T12:51:27,dataset,akistsoxatzopoulos,akistsoxatzopoulos,1.0000,True
2026-09-28T12:51:27,dataset,AlainDelon,AlainDelon,1.0000,True
2026-09-28T12:51:27,dataset,AlainDelon,AlainDelon,1.0000,True
2026-09-28T12:51:27,dataset,AlainDelon,AlainDelon,0.9995,True
2026-09-28T12:51:27,dataset,AlainDelon,AlainDelon,1.0000,True
2026-09-28T12:51:27,dataset,AlainDelon,AlainDelon,1.0000,True
2026-09-28T12:51:27,dataset,AlainDelon,AlainDelon,1.0000,True
2026-09-28T12:51:27,dataset,AlainDelon,AlainDelon,1.0000,True
2026-09-28T12:51:27,dataset,AlainDelon,AlainDelon,0.9998,True
2026-09-28T12:51:27,dataset,AlanRickman,AlanRickman,1.0000,True
2026-09-28T12:51:27,dataset,AlanRickman,AlanRickman,1.0000,True
2026-09-28T12:51:27,dataset,AlanRickman,AlanRickman,1.0000,True
2026-09-28T12:51:27,dataset,AlanRickman,AlanRickman,1.0000,True
2026-09-28T12:51:27,dataset,AlanRickman,AlanRickman,1.0000,True
2026-09-28T12:51:27,dataset,AlanRickman,AlanRickman,1.0000,True
2026-09-28T12:51:27,dataset,AlanRickman,AlanRickman,1.0000,True
2026-09-28T12:51:27,dataset,AlanRickman,AlanRickman,1.0000,True
2026-09-28T12:51:27,dataset,AlanRickman,AlanRickman,0.9999,True
2026-09-28T12:51:27,dataset,AlanYoung,AlanYoung,1.0000,True
2026-09-28T12:51:27,dataset,AlanYoung,AlanYoung,1.0000,True
2026-09-28T12:51:27,dataset,AlanYoung,AlanYoung,1.0000,True
2026-09-28T12:51:27,dataset,AlanYoung,AlanYoung,1.0000,True
2026-09-28T12:51:27,dataset,AlanYoung,AlanYoung,1.0000,True
2026-09-28T12:51:27,dataset,AlanYoung,AlanYoung,1.0000,True
2026-09-28T12:51:27,dataset,AlanYoung,AlanYoung,1.0000,True
2026-09-28T12:51:27,dataset,AlanYoung,AlanYoung,1.0000,True
2026-09-28T12:51:27,dataset,AlanYoung,AlanYoung,1.0000,True
2026-09-28T12:51:27,dataset,AlanYoung,AlanYoung,1.0000,True
2026-09-28T12:51:27,dataset,AlbertCamus,AlbertCamus,1.0000,True
2026-09-28T12:51:27,dataset,AlbertCamus,AlbertCamus,1.0000,True
2026-09-28T12:51:27,dataset,AlbertCamus,AlbertCamus,1.0000,True
2026-09-28T12:51:27,dataset,AlbertCamus,AlbertCamus,1.0000,True
2026-09-28T12:51:27,dataset,AlbertCamus,AlbertCamus,1.0000,True
2026-09-28T12:51:27,dataset,AlbertCamus,AlbertCamus,1.0000,True
2026-09-28T12:51:27,dataset,AlbertCamus,AlbertCamus,1.0000,True
2026-09-28T12:51:27,dataset,AlbertoSordi,AlbertoSordi,1.0000,True
2026-09-28T12:51:27,dataset,AlbertoSordi,AlbertoSordi,1.0000,True
2026-09-28T12:51:27,dataset,AlbertoSordi,AlbertoSordi,1.0000,True
2026-09-28T12:51:27,dataset,AlbertoSordi,AlbertoSordi,1.0000,True
2026-09-28T12:51:27,dataset,AlbertoSordi,AlbertoSordi,1.0000,True
2026-09-28T12:51:27,dataset,AlbertoSordi,AlbertoSordi,1.0000,True
2026-09-28T12:51:27,dataset,AlbertoSordi,AlbertoSordi,1.0000,True
2026-09-28T12:51:27,dataset,AlbertoSordi,AlbertoSordi,0.9999,True
2026-09-28T12:51:27,dataset,AlbertoSordi,AlbertoSordi,1.0000,True
2026-09-28T12:51:27,dataset,AlbertoSordi,AlbertoSordi,1.0000,True
2026-09-28T12:51:27,dataset,AlbertoSordi,AlbertoSordi,1.0000,True
2026-09-28T12:51:27,dataset,AlbertoSordi,AlbertoSordi,1.0000,True
2026-09-28T12:51:27,dataset,AlbertoSordi,AlbertoSordi,0.9999,True
2026-09-28T12:51:27,dataset,AlbertSchweitzer,AlbertSchweitzer,0.9998,True
2026-09-28T12:51:27,dataset,AlbertSchweitzer,AlbertSchweitzer,1.0000,True
2026-09-28T12:51:27,dataset,AlbertSchweitzer,AlbertSchweitzer,0.9999,True
2026-09-28T12:51:27,dataset,AlbertSchweitzer,AlbertSchweitzer,1.0000,True
2026-09-28T12:51:27,dataset,AlbertSchweitzer,Desconocido,0.7881,False
2026-09-28T12:51:27,dataset,AlCorley,AlCorley,1.0000,True
2026-09-28T12:51:27,dataset,AlCorley,AlCorley,1.0000,True
2026-09-28T12:51:27,dataset,AlCorley,AlCorley,0.9999,True
2026-09-28T12:51:27,dataset,AlCorley,AlCorley,1.0000,True
2026-09-28T12:51:27,dataset,AlCorley,AlCorley,1.0000,True
2026-09-28T12:51:27,dataset,AlCorley,AlCorley,1.0000,True
2026-09-28T12:51:27,dataset,AlCorley,AlCorley,1.0000,True
2026-09-28T12:51:27,dataset,AlCorley,AlCorley,1.0000,True
2026-09-28T12:51:27,dataset,AlecGuinness,AlecGuinness,1.0000,True
2026-09-28T12:51:27,dataset,AlecGuinness,AlecGuinness,1.0000,True
2026-09-28T12:51:27,dataset,AlecGuinness,AlecGuinness,1.0000,True
2026-09-28T12:51:27,dataset,AlecGuinness,AlecGuinness,1.0000,True
2026-09-28T12:51:27,dataset,AlecGuinness,AlecGuinness,0.9999,True
2026-09-28T12:51:27,dataset,AlecGuinness,AlecGuinness,1.0000,True
2026-09-28T12:51:27,dataset,AlecGuinness,AlecGuinness,0.9995,True
2026-09-28T12:51:27,dataset,AlecGuinness,AlecGuinness,1.0000,True
2026-09-28T12:51:27,dataset,AlecGuinness,AlecGuinness,0.9996,True
2026-09-28T12:51:27,dataset,AlecGuinness,AlecGuinness,1.0000,True
2026-09-28T12:51:27,dataset,AlecGuinness,Desconocido,0.9990,False
2026-09-28T12:51:27,dataset,AlejandroRey,AlejandroRey,1.0000,True
2026-09-28T12:51:27,dataset,AlejandroRey,AlejandroRey,0.9999,True
2026-09-28T12:51:27,dataset,AlejandroRey,AlejandroRey,0.9999,True
2026-09-28T12:51:27,dataset,AlejandroRey,AlejandroRey,0.9999,True
2026-09-28T12:51:27,dataset,AlejandroRey,AlejandroRey,0.9999,True
2026-09-28T12:51:27,dataset,AlejandroRey,AlejandroRey,0.9999,True
2026-09-28T12:51:27,dataset,AlexanderGrahamBell,Desconocido,0.9903,False
2026-09-28T12:51:27,dataset,AlexanderGrahamBell,AlexanderGrahamBell,1.0000,True
2026-09-28T12:51:27,dataset,AlexanderGrahamBell,AlexanderGrahamBell,0.9999,True
2026-09-28T12:51:27,dataset,AlexanderGrahamBell,AlexanderGrahamBell,1.0000,True
2026-09-28T12:51:27,dataset,AlexanderGrahamBell,AlexanderGrahamBell,0.9999,True
2026-09-28T12:51:27,dataset,AlexandrakisAlekos,AlexandrakisAlekos,0.9995,True
2026-09-28T12:51:27,dataset,AlexandrakisAlekos,AlexandrakisAlekos,0.9992,True
2026-09-28T12:51:27,dataset,AlexandrakisAlekos,AlexandrakisAlekos,0.9990,True
2026-09-28T12:51:27,dataset,AlexandrakisAlekos,AlexandrakisAlekos,1.0000,True
2026-09-28T12:51:27,dataset,AlexandrakisAlekos,AlexandrakisAlekos,0.9999,True
2026-09-28T12:51:27,dataset,AlikiBoug,AlikiBoug,1.0000,True
2026-09-28T12:51:27,dataset,AlikiBoug,AlikiBoug,1.0000,True
2026-09-28T12:51:27,dataset,AlikiBoug,AlikiBoug,1.0000,True
2026-09-28T12:51:27,dataset,AlikiBoug,AlikiBoug,0.9998,True
2026-09-28T12:51:27,dataset,AlikiBoug,AlikiBoug,1.0000,True
2026-09-28T12:51:27,dataset,AlikiBoug,AlikiBoug,0.9998,True
2026-09-28T12:51:27,dataset,AlikiBoug,AlikiBoug,0.9998,True
2026-09-28T12:51:27,dataset,AlikiBoug,AlikiBoug,1.0000,True
2026-09-28T12:51:27,dataset,AlikiBoug,AlikiBoug,0.9998,True
2026-09-28T12:51:27,dataset,AlikiBoug,Desconocido,0.9995,False
2026-09-28T12:51:27,dataset,AlikiBoug,AlikiBoug,1.0000,True
2026-09-28T12:51:27,dataset,AliMacGraw,AliMacGraw,0.9999,True
2026-09-28T12:51:27,dataset,AliMacGraw,AliMacGraw,0.9999,True
2026-09-28T12:51:27,dataset,AliMacGraw,AliMacGraw,1.0000,True
2026-09-28T12:51:27,dataset,AliMacGraw,AliMacGraw,1.0000,True
2026-09-28T12:51:27,dataset,AliMacGraw,AliMacGraw,1.0000,True
2026-09-28T12:51:27,dataset,AliMacGraw,AliMacGraw,1.0000,True
2026-09-28T12:51:27,dataset,AliMacGraw,AliMacGraw,1.0000,True
2026-09-28T12:51:27,dataset,AliMacGraw,AliMacGraw,1.0000,True
2026-09-28T12:51:27,dataset,AliMacGraw,AliMacGraw,1.0000,True
2026-09-28T12:51:27,dataset,AliMacGraw,AliMacGraw,1.0000,True
2026-09-28T12:51:27,dataset,AlKapone,AlKapone,1.0000,True
2026-09-28T12:51:27,dataset,AlKapone,AlKapone,1.0000,True
2026-09-28T12:51:27,dataset,AlKapone,AlKapone,1.0000,True
2026-09-28T12:51:27,dataset,AlKapone,AlKapone,1.0000,True
2026-09-28T12:51:27,dataset,AlKapone,AlKapone,1.0000,True
2026-09-28T12:51:27,dataset,AlKapone,AlKapone,1.0000,True
2026-09-28T12:51:27,dataset,AlPacino,AlPacino,1.0000,True
2026-09-28T12:51:27,dataset,AlPacino,AlPacino,1.0000,True
2026-09-28T12:51:27,dataset,AlPacino,AlPacino,1.0000,True
2026-09-28T12:51:27,dataset,AlPacino,AlPacino,1.0000,True
2026-09-28T12:51:27,dataset,AlPacino,AlPacino,1.0000,True
2026-09-28T12:51:27,dataset,AlPacino,AlPacino,1.0000,True
2026-09-28T12:51:27,dataset,AlPacino,AlPacino,0.9999,True
2026-09-28T12:51:27,dataset,AlPacino,AlPacino,0.9999,True
2026-09-28T12:51:27,dataset,AmandaBlake,AmandaBlake,1.0000,True
2026-09-28T12:51:27,dataset,AmandaBlake,AmandaBlake,1.0000,True
2026-09-28T12:51:27,dataset,AmandaBlake,AmandaBlake,1.0000,True
2026-09-28T12:51:27,dataset,AmandaBlake,AmandaBlake,1.0000,True
2026-09-28T12:51:27,dataset,AmandaBlake,AmandaBlake,0.9999,True
2026-09-28T12:51:27,dataset,AmandaBlake,AmandaBlake,1.0000,True
2026-09-28T12:51:27,dataset,AmandaBlake,AmandaBlake,0.9983,True
2026-09-28T12:51:27,dataset,AmandaBlake,AmandaBlake,1.0000,True
2026-09-28T12:51:27,dataset,AmandaBlake,AmandaBlake,1.0000,True
2026-09-28T12:51:27,dataset,AmandaBlake,AmandaBlake,0.9999,True
2026-09-28T12:51:27,dataset,AmandaRedman,AmandaRedman,1.0000,True
2026-09-28T12:51:27,dataset,AmandaRedman,AmandaRedman,1.0000,True
2026-09-28T12:51:27,dataset,AmandaRedman,AmandaRedman,1.0000,True
2026-09-28T12:51:27,dataset,AmandaRedman,AmandaRedman,1.0000,True
2026-09-28T12:51:27,dataset,AmandaRedman,AmandaRedman,1.0000,True
2026-09-28T12:51:27,dataset,AmandaRedman,AmandaRedman,1.0000,True
2026-09-28T12:51:27,dataset,AmandaRedman,AmandaRedman,1.0000,True
2026-09-28T12:51:27,dataset,AmandaRedman,AmandaRedman,1.0000,True
2026-09-28T12:51:27,dataset,AmandaRedman,AmandaRedman,1.0000,True
